<metadata xml:lang="it"><Esri><CreaDate>20161222</CreaDate><CreaTime>12181600</CreaTime><ArcGISFormat>1.0</ArcGISFormat><SyncOnce>FALSE</SyncOnce><DataProperties><itemProps><itemName Sync="TRUE">Com2016_ED50_g</itemName><imsContentType Sync="TRUE">002</imsContentType><itemLocation><linkage Sync="TRUE">file://\\PC78735\APPOGGIO\FABIO\DA RIPUBBLICARE dicembre 2016\Confini delle unità amministrative a fini statistici\Generalizzati_ED50\Limiti_2016_ED50_g\Com2016_ED50_g\Com2016_ED50_g.shp</linkage><protocol Sync="TRUE">Local Area Network</protocol></itemLocation><itemSize Sync="TRUE">0.000</itemSize><nativeExtBox><westBL Sync="TRUE">313360.999800</westBL><eastBL Sync="TRUE">1312106.500000</eastBL><southBL Sync="TRUE">3934041.462100</southBL><northBL Sync="TRUE">5220492.095500</northBL><exTypeCode Sync="TRUE">1</exTypeCode></nativeExtBox></itemProps><coordRef><type Sync="TRUE">Projected</type><geogcsn Sync="TRUE">GCS_European_1950</geogcsn><csUnits Sync="TRUE">Linear Unit: Meter (1.000000)</csUnits><projcsn Sync="TRUE">ED_1950_UTM_Zone_32N</projcsn><peXml Sync="TRUE">&lt;ProjectedCoordinateSystem xsi:type='typens:ProjectedCoordinateSystem' xmlns:xsi='http://www.w3.org/2001/XMLSchema-instance' xmlns:xs='http://www.w3.org/2001/XMLSchema' xmlns:typens='http://www.esri.com/schemas/ArcGIS/10.3'&gt;&lt;WKT&gt;PROJCS[&amp;quot;ED_1950_UTM_Zone_32N&amp;quot;,GEOGCS[&amp;quot;GCS_European_1950&amp;quot;,DATUM[&amp;quot;D_European_1950&amp;quot;,SPHEROID[&amp;quot;International_1924&amp;quot;,6378388.0,297.0]],PRIMEM[&amp;quot;Greenwich&amp;quot;,0.0],UNIT[&amp;quot;Degree&amp;quot;,0.0174532925199433]],PROJECTION[&amp;quot;Transverse_Mercator&amp;quot;],PARAMETER[&amp;quot;False_Easting&amp;quot;,500000.0],PARAMETER[&amp;quot;False_Northing&amp;quot;,0.0],PARAMETER[&amp;quot;Central_Meridian&amp;quot;,9.0],PARAMETER[&amp;quot;Scale_Factor&amp;quot;,0.9996],PARAMETER[&amp;quot;Latitude_Of_Origin&amp;quot;,0.0],UNIT[&amp;quot;Meter&amp;quot;,1.0],AUTHORITY[&amp;quot;EPSG&amp;quot;,23032]]&lt;/WKT&gt;&lt;XOrigin&gt;-5121200&lt;/XOrigin&gt;&lt;YOrigin&gt;-9998400&lt;/YOrigin&gt;&lt;XYScale&gt;450432031.86214745&lt;/XYScale&gt;&lt;ZOrigin&gt;-100000&lt;/ZOrigin&gt;&lt;ZScale&gt;10000&lt;/ZScale&gt;&lt;MOrigin&gt;-100000&lt;/MOrigin&gt;&lt;MScale&gt;10000&lt;/MScale&gt;&lt;XYTolerance&gt;0.001&lt;/XYTolerance&gt;&lt;ZTolerance&gt;0.001&lt;/ZTolerance&gt;&lt;MTolerance&gt;0.001&lt;/MTolerance&gt;&lt;HighPrecision&gt;true&lt;/HighPrecision&gt;&lt;WKID&gt;23032&lt;/WKID&gt;&lt;LatestWKID&gt;23032&lt;/LatestWKID&gt;&lt;/ProjectedCoordinateSystem&gt;</peXml></coordRef><lineage><Process ToolSource="c:\program files (x86)\arcgis\desktop10.2\ArcToolbox\Toolboxes\Data Management Tools.tbx\CalculateField" Date="20160112" Time="115554">CalculateField COM_CM_2015 procom2015 [PRO_COM] VB #</Process><Process ToolSource="c:\program files (x86)\arcgis\desktop10.3\ArcToolbox\Toolboxes\Data Management Tools.tbx\CalculateField" Date="20160301" Time="075643">CalculateField com2016 COD_CMPRO 0 VB #</Process><Process ToolSource="c:\program files (x86)\arcgis\desktop10.3\ArcToolbox\Toolboxes\Data Management Tools.tbx\CalculateField" Date="20160301" Time="083512">CalculateField com2016 CMPRO_COM [CMPRO_COM]-200000 VB #</Process><Process ToolSource="c:\program files (x86)\arcgis\desktop10.3\ArcToolbox\Toolboxes\Data Management Tools.tbx\CalculateField" Date="20160301" Time="083543">CalculateField com2016 CMPRO_COM [CMPRO_COM]-200000 VB #</Process><Process ToolSource="c:\program files (x86)\arcgis\desktop10.3\ArcToolbox\Toolboxes\Data Management Tools.tbx\CalculateField" Date="20160301" Time="083603">CalculateField com2016 PRO_COM [CMPRO_COM] VB #</Process><Process ToolSource="c:\program files (x86)\arcgis\desktop10.3\ArcToolbox\Toolboxes\Data Management Tools.tbx\CalculateField" Date="20160301" Time="083652">CalculateField com2016 CMPRO_COM [CMPRO_COM]+200000 VB #</Process><Process ToolSource="c:\program files (x86)\arcgis\desktop10.3\ArcToolbox\Toolboxes\Data Management Tools.tbx\CalculateField" Date="20160301" Time="084036">CalculateField com2016 CMPRO_COM [CMPRO_COM]-200000 VB #</Process><Process ToolSource="c:\program files (x86)\arcgis\desktop10.3\ArcToolbox\Toolboxes\Data Management Tools.tbx\CalculateField" Date="20160301" Time="084111">CalculateField com2016 PRO_COM [CMPRO_COM] VB #</Process><Process Name="Multipart To Singlepart" ToolSource="c:\program files (x86)\arcgis\desktop10.3\ArcToolbox\Toolboxes\Data Management Tools.tbx\MultipartToSinglepart" Date="20161222" Time="113258">MultipartToSinglepart G:\Census2011\Limiti_2016\Limiti_2016.mdb\com2016 G:\APPOGGIO\com2016_MultipartToSinglepar.shp</Process><Process Name="Simplify Polygon" ToolSource="c:\program files (x86)\arcgis\desktop10.3\ArcToolbox\Toolboxes\Data Management Tools.tbx\SimplifyPolygon" Date="20161222" Time="114629">SimplifyPolygon G:\APPOGGIO\com2016_MultipartToSinglepar.shp G:\Census2011\Limiti_2016\com2016_simple.shp BEND_SIMPLIFY "800 Meters" "0 SquareMeters" RESOLVE_ERRORS KEEP_COLLAPSED_POINTS</Process><Process Name="Dissolve" ToolSource="c:\program files (x86)\arcgis\desktop10.3\ArcToolbox\Toolboxes\Data Management Tools.tbx\Dissolve" Date="20161222" Time="115419">Dissolve G:\Census2011\Limiti_2016\com2016_simple.shp G:\Census2011\Limiti_2016\com2016_g.shp PRO_COM # MULTI_PART DISSOLVE_LINES</Process><Process Name="Add Field" ToolSource="c:\program files (x86)\arcgis\desktop10.3\ArcToolbox\Toolboxes\Data Management Tools.tbx\AddField" Date="20161222" Time="115458">AddField G:\Census2011\Limiti_2016\com2016_g.shp COD_REG SHORT # # 3 # NULLABLE NON_REQUIRED #</Process><Process Name="Add Field" ToolSource="c:\program files (x86)\arcgis\desktop10.3\ArcToolbox\Toolboxes\Data Management Tools.tbx\AddField" Date="20161222" Time="115458">AddField G:\Census2011\Limiti_2016\com2016_g.shp COD_PRO SHORT # # 5 # NULLABLE NON_REQUIRED #</Process><Process Name="Add Field" ToolSource="c:\program files (x86)\arcgis\desktop10.3\ArcToolbox\Toolboxes\Data Management Tools.tbx\AddField" Date="20161222" Time="115458">AddField G:\Census2011\Limiti_2016\com2016_g.shp COMUNE TEXT # # 100 # NULLABLE NON_REQUIRED #</Process><Process Name="Add Field" ToolSource="c:\program files (x86)\arcgis\desktop10.3\ArcToolbox\Toolboxes\Data Management Tools.tbx\AddField" Date="20161222" Time="120144">AddField G:\Census2011\Limiti_2016\com2016_g.shp COD_REG SHORT # # 3 # NULLABLE NON_REQUIRED #</Process><Process Name="Add Field" ToolSource="c:\program files (x86)\arcgis\desktop10.3\ArcToolbox\Toolboxes\Data Management Tools.tbx\AddField" Date="20161222" Time="120144">AddField G:\Census2011\Limiti_2016\com2016_g.shp COD_PRO SHORT # # 5 # NULLABLE NON_REQUIRED #</Process><Process Name="Add Field" ToolSource="c:\program files (x86)\arcgis\desktop10.3\ArcToolbox\Toolboxes\Data Management Tools.tbx\AddField" Date="20161222" Time="120144">AddField G:\Census2011\Limiti_2016\com2016_g.shp COMUNE TEXT # # 100 # NULLABLE NON_REQUIRED #</Process><Process Name="Add Field" ToolSource="c:\program files (x86)\arcgis\desktop10.3\ArcToolbox\Toolboxes\Data Management Tools.tbx\AddField" Date="20161222" Time="120144">AddField G:\Census2011\Limiti_2016\com2016_g.shp FLAG_CM SHORT # # 100 # NULLABLE NON_REQUIRED #</Process><Process Name="Add Field" ToolSource="c:\program files (x86)\arcgis\desktop10.3\ArcToolbox\Toolboxes\Data Management Tools.tbx\AddField" Date="20161222" Time="120144">AddField G:\Census2011\Limiti_2016\com2016_g.shp COD_CM SHORT # # 100 # NULLABLE NON_REQUIRED #</Process><Process Name="Add Field" ToolSource="c:\program files (x86)\arcgis\desktop10.3\ArcToolbox\Toolboxes\Data Management Tools.tbx\AddField" Date="20161222" Time="120144">AddField G:\Census2011\Limiti_2016\com2016_g.shp NOME_TED TEXT # # 100 # NULLABLE NON_REQUIRED #</Process></lineage></DataProperties><SyncDate>20161228</SyncDate><SyncTime>12262200</SyncTime><ModDate>20161228</ModDate><ModTime>12262200</ModTime></Esri><dataIdInfo><envirDesc Sync="TRUE">Microsoft Windows 7 Version 6.1 (Build 7601) Service Pack 1; Esri ArcGIS 10.3.1.4959</envirDesc><dataLang><languageCode value="ita" Sync="TRUE"></languageCode><countryCode value="ITA" Sync="TRUE"></countryCode></dataLang><idCitation><resTitle Sync="TRUE">Com2016_ED50_g</resTitle><presForm><PresFormCd value="005" Sync="TRUE"></PresFormCd></presForm></idCitation><spatRpType><SpatRepTypCd value="001" Sync="TRUE"></SpatRepTypCd></spatRpType><dataExt><geoEle><GeoBndBox esriExtentType="search"><exTypeCode Sync="TRUE">1</exTypeCode><westBL Sync="TRUE">6.540029</westBL><eastBL Sync="TRUE">19.614582</eastBL><northBL Sync="TRUE">47.137026</northBL><southBL Sync="TRUE">35.219499</southBL></GeoBndBox></geoEle></dataExt></dataIdInfo><mdLang><languageCode value="ita" Sync="TRUE"></languageCode><countryCode value="ITA" Sync="TRUE"></countryCode></mdLang><distInfo><distFormat><formatName Sync="TRUE">Shapefile</formatName></distFormat><distTranOps><transSize Sync="TRUE">0.000</transSize></distTranOps></distInfo><mdHrLv><ScopeCd value="005" Sync="TRUE"></ScopeCd></mdHrLv><mdHrLvName Sync="TRUE">dataset</mdHrLvName><refSysInfo><RefSystem><refSysID><identCode code="23032" Sync="TRUE"></identCode><idCodeSpace Sync="TRUE">EPSG</idCodeSpace><idVersion Sync="TRUE">8.6.2</idVersion></refSysID></RefSystem></refSysInfo><spatRepInfo><VectSpatRep><geometObjs Name="Com2016_ED50_g"><geoObjTyp><GeoObjTypCd value="002" Sync="TRUE"></GeoObjTypCd></geoObjTyp><geoObjCnt Sync="TRUE">0</geoObjCnt></geometObjs><topLvl><TopoLevCd value="001" Sync="TRUE"></TopoLevCd></topLvl></VectSpatRep></spatRepInfo><spdoinfo><ptvctinf><esriterm Name="Com2016_ED50_g"><efeatyp Sync="TRUE">Simple</efeatyp><efeageom code="4" Sync="TRUE"></efeageom><esritopo Sync="TRUE">FALSE</esritopo><efeacnt Sync="TRUE">0</efeacnt><spindex Sync="TRUE">FALSE</spindex><linrefer Sync="TRUE">FALSE</linrefer></esriterm></ptvctinf></spdoinfo><eainfo><detailed Name="Com2016_ED50_g"><enttyp><enttypl Sync="TRUE">Com2016_ED50_g</enttypl><enttypt Sync="TRUE">Feature Class</enttypt><enttypc Sync="TRUE">0</enttypc></enttyp><attr><attrlabl Sync="TRUE">FID</attrlabl><attalias Sync="TRUE">FID</attalias><attrtype Sync="TRUE">OID</attrtype><attwidth Sync="TRUE">4</attwidth><atprecis Sync="TRUE">0</atprecis><attscale Sync="TRUE">0</attscale><attrdef Sync="TRUE">Internal feature number.</attrdef><attrdefs Sync="TRUE">Esri</attrdefs><attrdomv><udom Sync="TRUE">Sequential unique whole numbers that are automatically generated.</udom></attrdomv></attr><attr><attrlabl Sync="TRUE">Shape</attrlabl><attalias Sync="TRUE">Shape</attalias><attrtype Sync="TRUE">Geometry</attrtype><attwidth Sync="TRUE">0</attwidth><atprecis Sync="TRUE">0</atprecis><attscale Sync="TRUE">0</attscale><attrdef Sync="TRUE">Feature geometry.</attrdef><attrdefs Sync="TRUE">Esri</attrdefs><attrdomv><udom Sync="TRUE">Coordinates defining the features.</udom></attrdomv></attr><attr><attrlabl Sync="TRUE">PRO_COM</attrlabl><attalias Sync="TRUE">PRO_COM</attalias><attrtype Sync="TRUE">Integer</attrtype><attwidth Sync="TRUE">10</attwidth><atprecis Sync="TRUE">10</atprecis><attscale Sync="TRUE">0</attscale></attr><attr><attrlabl Sync="TRUE">COD_REG</attrlabl><attalias Sync="TRUE">COD_REG</attalias><attrtype Sync="TRUE">SmallInteger</attrtype><attwidth Sync="TRUE">5</attwidth><atprecis Sync="TRUE">5</atprecis><attscale Sync="TRUE">0</attscale></attr><attr><attrlabl Sync="TRUE">COD_PRO</attrlabl><attalias Sync="TRUE">COD_PRO</attalias><attrtype Sync="TRUE">SmallInteger</attrtype><attwidth Sync="TRUE">5</attwidth><atprecis Sync="TRUE">5</atprecis><attscale Sync="TRUE">0</attscale></attr><attr><attrlabl Sync="TRUE">COMUNE</attrlabl><attalias Sync="TRUE">COMUNE</attalias><attrtype Sync="TRUE">String</attrtype><attwidth Sync="TRUE">100</attwidth><atprecis Sync="TRUE">0</atprecis><attscale Sync="TRUE">0</attscale></attr><attr><attrlabl Sync="TRUE">FLAG_CM</attrlabl><attalias Sync="TRUE">FLAG_CM</attalias><attrtype Sync="TRUE">SmallInteger</attrtype><attwidth Sync="TRUE">5</attwidth><atprecis Sync="TRUE">5</atprecis><attscale Sync="TRUE">0</attscale></attr><attr><attrlabl Sync="TRUE">COD_CM</attrlabl><attalias Sync="TRUE">COD_CM</attalias><attrtype Sync="TRUE">SmallInteger</attrtype><attwidth Sync="TRUE">5</attwidth><atprecis Sync="TRUE">5</atprecis><attscale Sync="TRUE">0</attscale></attr><attr><attrlabl Sync="TRUE">NOME_TED</attrlabl><attalias Sync="TRUE">NOME_TED</attalias><attrtype Sync="TRUE">String</attrtype><attwidth Sync="TRUE">100</attwidth><atprecis Sync="TRUE">0</atprecis><attscale Sync="TRUE">0</attscale></attr><attr><attrlabl Sync="TRUE">SHAPE_Leng</attrlabl><attalias Sync="TRUE">SHAPE_Leng</attalias><attrtype Sync="TRUE">Double</attrtype><attwidth Sync="TRUE">19</attwidth><atprecis Sync="TRUE">0</atprecis><attscale Sync="TRUE">0</attscale></attr><attr><attrlabl Sync="TRUE">SHAPE_Area</attrlabl><attalias Sync="TRUE">SHAPE_Area</attalias><attrtype Sync="TRUE">Double</attrtype><attwidth Sync="TRUE">19</attwidth><atprecis Sync="TRUE">0</atprecis><attscale Sync="TRUE">0</attscale><attrdef Sync="TRUE">Area of feature in internal units squared.</attrdef><attrdefs Sync="TRUE">Esri</attrdefs><attrdomv><udom Sync="TRUE">Positive real numbers that are automatically generated.</udom></attrdomv></attr></detailed></eainfo><mdDateSt Sync="TRUE">20161228</mdDateSt></metadata>
